,hand_anatomy,facial_consistency,text_readability,repeated_texture_patterns,object_boundary_consistency,background_coherence
hand_anatomy,1.0,0.9930373868834202,0.8208480894097204,0.8976222470568481,0.9591632220433923,0.9350017216362343
facial_consistency,0.9930373868834202,1.0,0.8505132734464734,0.9185682665014888,0.9694221469727836,0.9379476706102294
text_readability,0.8208480894097204,0.8505132734464734,1.0,0.7274010607201337,0.796365640999345,0.8138498700878869
repeated_texture_patterns,0.8976222470568481,0.9185682665014888,0.7274010607201337,1.0,0.9175577992898025,0.9464332545221585
object_boundary_consistency,0.9591632220433923,0.9694221469727836,0.796365640999345,0.9175577992898025,1.0,0.9706528688669847
background_coherence,0.9350017216362343,0.9379476706102294,0.8138498700878869,0.9464332545221585,0.9706528688669847,1.0
